Date,Portfolio_Daily_Return,Portfolio_Cumulative_Return,Nifty_Cumulative_Return
2023-05-12,0.0,0.0,
2023-05-15,0.004322746565230368,0.4322746565230462,0.45891205221868514
2023-05-16,-0.0003941746884455659,0.39268679595043654,-0.15452410096087332
2023-05-17,-0.004786818381921994,-0.08787476261495897,-0.726465894110151
2023-05-18,-0.0076749119544102466,-0.8546915269899036,-1.009301519071093
2023-05-19,-0.002802462429751088,-1.1325425290716007,-0.6082533572467241
2023-05-22,0.006892064452869659,-0.4511416398906176,-0.002186158778272329
2023-05-23,0.0045762333922162255,0.004417169893899953,0.18126988737976468
2023-05-24,0.0007893026935613687,0.08335092573414915,-0.1605280394592068
2023-05-25,0.002383901943483919,0.3219398205163815,0.034669278966448225
2023-05-26,0.007354652577150467,1.0597728337620627,1.0076485697509519
2023-05-29,0.005880002132922835,1.6540045135772896,1.5498372751375777
2023-05-30,-0.0003123180785781335,1.622256130207833,1.7420272922194835
2023-05-31,0.003429050665760305,1.9707239952472033,1.1990281084565124
2023-06-01,0.005328393463222959,2.514064134423588,0.9443139503164
2023-06-02,0.007891774940683546,3.3230820568272534,1.1973858233255363
2023-06-05,0.002250667723427818,3.55562798269764,1.5236246981767954
2023-06-06,0.0042538902327802835,3.996142257122659,1.551746164997625
2023-06-07,0.010058533497768835,5.042190937654656,2.247360559861411
2023-06-08,-0.0060444742978764485,4.40726611433937,1.745855736128732
2023-06-09,-0.0031647672309688085,4.076841419865662,1.357369989137469
2023-06-12,0.0036033797738518366,4.45186980516441,1.5653963271252902
2023-06-13,0.009785816275676408,5.474016612728616,2.191394895137977
2023-06-14,0.004914991936703998,5.992420553911959,2.408432472967892
2023-06-15,0.0021437536541334353,6.2196421927848355,2.0382358103898657
2023-06-16,0.00604931895264035,6.86219868744431,2.791180886189859
2023-06-19,0.0034235435345846372,7.228046076852213,2.4059690452714166
2023-06-20,0.005128176030435044,7.777930372533914,2.7403980173992704
2023-06-21,0.001059843155986047,7.8921580744055975,2.9596217540074576
2023-06-22,-0.007766798093677042,7.054181466750586,2.4922423355939305
2023-06-23,-0.008061053724174441,6.191211958549592,1.9148404775935823
2023-06-26,0.008169954567467767,7.0587893357152875,2.055159878590329
2023-06-27,0.005361947727344191,7.632832967886127,2.7442264613084966
2023-06-28,0.007126690458866904,8.39989885165917,3.5888942280929204
2023-06-30,0.005801028875404514,9.028729794988566,4.773461696045445
2023-07-03,0.0026790668978741152,9.320825055899572,5.502380353662906
2023-07-04,-0.00034998352806062767,9.28256456785601,5.86519739734066
2023-07-05,0.009517487713311065,10.322660033409715,5.917068013425797
2023-07-06,0.012264306212969329,11.675690918288751,6.456526686386899
2023-07-07,-0.003943259621025424,11.235324675640545,5.5528859535352915
2023-07-10,0.0011609284948410701,11.36446093368939,5.6844713836081695
2023-07-11,0.007435865188399246,12.19255205197105,6.1403867986722815
2023-07-12,0.005863283212240883,12.850368758955844,5.839539358216306
2023-07-13,-0.0063166034724873015,12.137537727781545,6.0003340024045615
2023-07-14,0.008800647285395317,13.12442064477648,6.823438778702928
2023-07-17,0.007140079430319199,13.93213799368902,7.625791042891583
2023-07-18,-0.004117360789035259,13.463038276102846,7.832185759937582
2023-07-19,0.0056690472935485466,14.106265606159774,8.290287333779943
2023-07-20,0.004622860304597358,14.633762931936346,9.087456802035753
2023-07-21,-0.00131033615433155,14.483554167859559,7.808980484320549
2023-07-24,0.00014000494978861163,14.499582432112446,7.4123046400526915
2023-07-25,0.010903945452874278,15.748079633329093,7.457350175074007
2023-07-26,0.0020135235271543893,15.981141114893727,7.990804909536764
2023-07-27,0.010802603436887874,17.234039388515644,7.3443310983325905
2023-07-28,0.00555331503020633,17.885076941503677,7.2687113329831465
2023-07-31,0.008246339361918476,18.85719729166919,7.8570333206856136
2023-08-01,0.0008446969525216297,18.957595604006716,7.7464670074515185
2023-08-02,-0.012206236800636665,17.505571022829834,6.6162335832806285
2023-08-03,0.005990699150981611,18.20951154739192,5.825068053523164
2023-08-04,0.006745146401549421,19.00685200883472,6.564085698277289
2023-08-07,0.003510753377891927,19.424655716517016,7.002533171493663
2023-08-08,0.0030120127297291145,19.78436429977868,6.858108057669443
2023-08-09,0.00779579106761576,20.718178177026946,7.195000457493794
2023-08-10,-0.003087428729543248,20.345469405545067,6.70659125805233
2023-08-11,-0.005823197812055868,19.644673931411873,6.0797822116633204
2023-08-14,-0.005106977589573583,19.033651262932306,6.113907616982472
2023-08-16,0.0008727120524123226,19.137533365032123,6.280162326021799
2023-08-17,-0.0035298743205035153,18.71699284539876,5.7355208571278515
2023-08-18,-0.0022446762846702268,18.450511626971334,5.434673416671876
2023-08-21,0.006960433968459148,19.27497859168108,5.890311562817763
2023-08-22,0.0021082844372410296,19.526444172798186,5.905870614805475
2023-08-23,0.004122843098045107,20.01923294818988,6.165500964149384
2023-08-24,-0.0016657404446666798,19.819312057730198,5.852634982507565
2023-08-25,-0.00825679549488055,18.829988501732252,5.1925216733648805
2023-08-28,0.008126511244201908,19.795661739439964,5.412289283620342
2023-08-29,0.002811375520370778,20.132452330300833,5.612125524331568
2023-08-30,0.0041694359701602126,20.633336898230347,5.638327437103197
2023-08-31,0.00013639345342925146,20.64979049564859,5.1270008951520785
2023-09-01,0.008734462731925576,21.703601594347475,6.11800266562077
2023-09-04,0.012475257096132402,23.221885313762236,6.628518729195543
2023-09-05,0.008404190104988744,24.257465463034222,6.880225585991906
2023-09-06,0.0029946029672659608,24.629567237814776,7.077609063195811
2023-09-07,0.002858609047082402,24.98583444625475,7.7109765859196155
2023-09-08,0.003342275302728198,25.403571513915324,8.218208079232415
2023-09-11,0.012359960241349074,26.953554671950506,9.18136565179848
2023-09-12,-0.023978275512246527,23.90942736076742,9.164164314679791
2023-09-13,0.009971686854763635,25.145013368762072,9.58350156091743
2023-09-14,0.011304283350926652,26.55968805983806,9.764227574649897
2023-09-15,0.002270381767256075,26.847026868078714,10.251538362607636
2023-09-18,-0.0038895258128152136,26.35365208279645,9.929127931665626
2023-09-20,-0.005146288415979095,25.7033997467661,8.662936759865335
2023-09-21,-0.011919793371393601,24.205041195702947,7.794509179627429
2023-09-22,-0.004912710885779367,23.59485773775214,7.422680896107581
2023-09-25,0.0007068354667186497,23.682218966705214,7.424323181238579
2023-09-26,0.0012766384688484695,23.840116445350645,7.370533011104241
2023-09-27,0.009808433094345242,25.054793941900797,7.65309136714698
2023-09-28,-0.007516315695839629,24.114842631355305,6.599853388727461
2023-09-29,0.022124856888864286,26.860865762357953,7.226395830387422
2023-10-03,-0.0023043416063101858,26.568534991169223,6.62824146027734
2023-10-04,-0.014942362039520837,24.677302118519417,6.122364318988138
2023-10-05,0.00042836588703688177,24.730709621634794,6.721062562745472
2023-10-06,0.0067110717010619575,25.567786357229917,7.3093845504479615
2023-10-09,-0.010578935724029194,24.23941281634814,6.538694263882006
2023-10-10,0.012428964952707592,25.78358012398749,7.507855774946437
2023-10-11,0.006322003078458533,26.57878430475087,8.171253654351096
2023-10-12,0.007351828960241411,27.509369876954693,8.076523662022916
2023-10-13,0.0004120964255200635,27.56191603250131,7.842018142345242
2023-10-16,0.003710756200817101,28.03526720340703,7.73663462504397
2023-10-17,0.005495847879251231,28.738929555136238,8.172074796916572
2023-10-18,-0.006741232470155232,27.871070503046134,7.405479558988914
2023-10-19,-0.003904686021129401,27.371774121546032,7.152130417061575
2023-10-20,-0.010445715961666824,26.041284747538775,6.704138494545009
2023-10-23,-0.025872498726583856,22.780281768411093,5.279605442063762
2023-10-25,-0.004315658847098704,22.250403959147967,4.4081812246712815
2023-10-26,-0.008055347740627238,21.265634443824876,2.9618079127857744
2023-10-27,0.013599310000285716,22.914763399007775,3.999220234488532
2023-10-30,0.0031684018883227603,23.30420676746392,4.510557440628804
2023-10-31,-0.0004420717206802114,23.249697464611117,4.175851199582725
2023-11-01,-0.0009451932223905536,23.133202685905886,3.6819925994793667
2023-11-02,0.012292291615563894,24.646791920879373,4.468785811680309
2023-11-03,0.008046190079108274,25.64972370142582,5.000320992093865
2023-11-06,0.010746116118719156,26.99997022260634,5.989413872702509
2023-11-07,0.007144710357134415,27.90734822521157,5.961836279528954
2023-11-08,0.013931708400735786,29.68931610299659,6.162770931723904
2023-11-09,0.0011374781435471428,29.836834865515314,5.899600071578126
2023-11-10,0.0037277666649995077,30.320836290416043,6.06366862183918
2023-11-13,0.008302960574023388,31.40288505610913,6.163048200642085
2023-11-15,0.007468208446068378,32.384229192122916,7.429228708253222
2023-11-16,0.006009302539922929,33.17976607685287,7.919269528636486
2023-11-17,0.007100322102531328,34.1253853135383,7.736911893962173
2023-11-20,0.0031191494436653847,34.54374243452043,7.530517176916174
2023-11-21,0.004153451698269719,35.102563370026665,8.018649107439412
2023-11-22,-0.002082664580560051,34.82119004655304,8.173983686776598
2023-11-23,-0.0012015970653850368,34.65918930024139,8.120204180831415
2023-11-24,0.003698040975903173,35.15716450005557,8.080341441742966
2023-11-28,0.003538192651967311,35.63537658635041,8.599047602594334
2023-11-29,0.005693761312481178,36.40765204616159,9.728737153117951
2023-11-30,0.0118238791995697,38.02051964585233,9.928306789100127
2023-12-01,0.007494477738406039,39.05491135778141,10.664050527781432
2023-12-04,0.007899264805307142,40.153342925075044,12.951273826731292
2023-12-05,0.0024687656071595634,40.499348677816904,13.870196342652385
2023-12-06,0.0023495141043656407,40.829453879189636,14.321195566512701
2023-12-07,0.005189062876920888,41.56022677029119,14.1216365947197
2023-12-08,-0.005759729967453893,40.74487808996277,14.494286020805047
2023-12-11,0.002087570448891684,41.03869293829623,14.645525551503958
2023-12-12,-0.004573227658914884,40.393690886773605,14.150301935187848
2023-12-13,0.007303904510916549,41.41911299894572,14.259225963290966
2023-12-14,0.008515210871140334,42.62332656734138,15.658911455024182
2023-12-15,0.004178534461338496,43.219283052393756,17.154702619487527
2023-12-18,0.008020788136371988,44.36801457880011,16.94722015514698
2023-12-19,0.0007146332712641972,44.47118476532448,17.135315123590566
2023-12-20,-0.030162489934744963,40.11357410897969,15.481192742635441
2023-12-21,0.015730253090193932,42.31759609108558,16.053955678350217
2023-12-22,0.013294288400296658,44.209607257957416,16.569110664210562
2023-12-26,0.008541769726611165,45.44141251551994,17.071159361590517
2023-12-27,0.00675252439778595,46.42350920197944,18.23633933364608
2023-12-28,0.00849380653804123,47.66720216176217,18.913110106260177
2023-12-29,0.0037359845807155585,48.21888455211594,18.654855437318197
2024-01-01,0.001420704476519861,48.4294597849039,18.712186118254404
2024-01-02,0.009053257271760467,49.77322987104507,18.29667731592601
2024-01-03,0.0009061683765021226,49.9089496356008,17.486124290271587
2024-01-04,0.006844994102045377,50.93507551170031,18.257358450484816
2024-01-05,0.00040171044236325784,50.99570770765225,18.54238023422401
2024-01-08,-0.010774049726042609,49.36887244439101,17.462375141007257
2024-01-09,0.007519346023829748,50.49202868148966,17.636276073675905
2024-01-10,0.002213864525092036,50.82519764509672,18.03949973008936
2024-01-11,0.006422045828718757,51.793803976499085,18.19511157834477
2024-01-12,7.519594761181965e-05,51.805218255430695,19.54566715060755
2024-01-15,0.007133018705693802,52.88804771686859,20.653505777537752
2024-01-16,0.00019929891188109634,52.91851813841819,20.297791083842043
2024-01-17,-0.01310866493381719,50.91396052196582,17.784241698301972
2024-01-18,-0.0007167133710809637,50.80579846857696,17.185276849815565
2024-01-19,0.011255545043269054,52.50319992602617,18.059708368551817
2024-01-23,-0.019250716910891915,49.56740399624508,15.965229624520315
2024-01-24,0.01790945027362626,52.24607398067123,17.13995404587607
2024-01-25,-0.0007567066503445094,52.1308683640012,16.586578606058254
2024-01-29,0.013889262900201023,54.24385398994469,18.688703573719103
2024-01-30,-0.002485082357726918,53.860545309606465,17.512059598314124
2024-01-31,0.01706428989982435,56.48606625891466,18.62372666915355
2024-02-01,-0.00519566595274261,55.67301693237461,18.469479837110914
2024-02-02,0.014250544991807515,57.89144226417984,19.323169507926586
2024-02-05,0.006552916008175944,58.92609162374676,18.87488965230264
2024-02-06,0.01834664349332497,61.84185196855514,19.73594827782943
2024-02-07,0.003857593974867554,62.466172121590446,19.741952216327753
2024-02-08,-0.0017397375421666058,62.18352362261841,18.58141116655776
2024-02-09,-0.011054594624942557,60.390650514125575,18.9338626183698
2024-02-12,-0.021348544439543052,56.96654358393756,18.02503908958535
2024-02-13,0.0014214258747127988,57.18965989045199,18.719555072965434
2024-02-14,0.011374897478522758,58.977676156389755,19.248093616224395
2024-02-15,0.00951190901749072,60.48985734780143,19.63411593551916
2024-02-16,0.012435137204792458,62.48557074389891,20.34364709723966
2024-02-19,0.0018863207300245937,62.792070644323,20.788919651519834
2024-02-20,-0.001643046611824686,62.52459568421891,21.19678223021888
2024-02-21,-0.00775800729000334,61.26372868609591,20.42200755920378
2024-02-22,0.005990093829613956,62.22971355223903,21.308713559665748
2024-02-23,0.0023721956344220684,62.614554170501194,21.282778251623192
2024-02-26,-0.0046896272718660965,61.85195252246088,20.787831904225285
2024-02-27,-7.129785399829884e-05,61.84041282558059,21.204428453848223
2024-02-28,-0.016029110959830298,59.246254890614615,19.854704688340096
2024-02-29,0.005649083919727528,60.145850348394035,20.027517873714217
2024-03-01,0.010613458382210506,61.84555166615044,21.971023691775905
2024-03-04,0.012088430407555546,63.80201035423914,22.336026894231907
2024-03-05,0.00021254290281449002,63.8368253090067,22.06685209558781
2024-03-06,-0.006404624206949169,62.78751201164292,22.70977473180096
2024-03-07,0.00379429251694514,63.405175450320826,22.816245996396777
2024-03-11,-0.009473518839343678,61.85715344224596,21.937719429022252
2024-03-12,-0.015076213661112125,59.41696041437125,21.95436622830449
2024-03-13,-0.04245280504433018,52.64926327314026,20.108864308643803
2024-03-14,0.02347001388774691,56.23194360211519,20.922147366723753
2024-03-15,-0.004765044084040437,55.4874915035158,20.248917104911502
2024-03-18,0.005919351572549108,56.407876630858844,20.425548070005696
2024-03-19,-0.01542785921506274,53.99483793007105,19.124687619238955
2024-03-20,0.0012138993653452949,54.18177216610081,19.242900156102394
2024-03-21,0.021168649803079843,57.44559210710325,20.186670232771498
2024-03-22,0.009255307359040336,58.90279945438057,20.649687997817633
2024-03-26,0.0034817484507788116,59.456059030205274,20.14708476260123
2024-03-27,0.0011182708518983097,59.63437409317736,20.796565875149152
2024-03-28,0.007729024697653865,60.86819211313803,21.906324056128557
2024-04-01,0.024531805495305384,64.81457931243897,22.64397668466991
2024-04-02,0.009981839008486424,66.45973190938716,22.596478386141293
2024-04-03,0.006393266491587988,67.52395333560217,22.494646043831068
2024-04-04,0.0009864493537215299,67.68920723110294,22.931451231916444
2024-04-05,0.005016635462795071,68.53044285482648,22.926257771794422
2024-04-08,0.004930510326619135,69.36138394367188,23.759472199418585
2024-04-09,0.003925845835953182,70.02627062759844,23.630883406500303
2024-04-10,0.004724025319993852,70.82947903510733,24.237227873886958
2024-04-12,-0.006830788633845217,69.66257897138861,22.957386539959003
2024-04-15,-0.011919847417882998,67.64022691752514,21.6092943953927
2024-04-16,0.0029619914732047048,68.13677584022093,20.928972447787576
2024-04-18,-0.00529363064448719,67.24672185116786,20.098765321507162
2024-04-19,-0.003986398936595309,66.5800096970313,20.92405625658378
2024-04-22,0.010219301454846681,68.28234103247655,21.958194672213715
2024-04-23,0.0021331823718234964,68.64131795585622,22.13073058866959
2024-04-24,0.011445987928783001,70.57158444547301,22.318558952384127
2024-04-25,0.009542057251453838,72.1991882697229,23.235572578445197
2024-04-26,0.0052861945421310685,73.10946667891369,22.414376692006876
2024-04-29,0.002613801382745726,73.56194044228542,23.634434581491305
2024-04-30,-1.4040568557279485e-05,73.5595035339617,23.42394481580701
2024-05-02,0.009415372385296524,75.19363089074113,23.66063649426293
2024-05-03,6.253628453463996e-05,75.20458684949116,22.719596450019353
2024-05-06,-0.007367118235810718,73.9138339427146,22.53859316736864
2024-05-07,-0.0206778644396771,70.31766726026262,21.77309634092468
2024-05-08,0.008685579245368419,71.79697485613792,21.77309634092468
2024-05-09,-0.02396717778910918,67.67948621612973,19.889373967306522
2024-05-10,0.013698049041246456,69.97636804152927,20.422818037580104
2024-05-13,0.009202992471635127,71.54065927697133,20.68955073690608
2024-05-14,0.01124967723039796,73.47043632572694,21.31089971844402
2024-05-15,0.003502128135619179,74.0779520214814,21.216446995034065
2024-05-16,0.006578397281841657,75.22310594788806,22.32647178074252
2024-05-17,0.012958418586352462,77.49372030076158,22.666360817721444
2024-05-21,0.018085285632644665,80.70374493040163,23.010078298609614
2024-05-22,-0.00022886064773982098,80.66238895428783,23.385457757120463
2024-05-23,0.0015767327752082608,80.9472452641995,25.40486060944982
2024-05-24,-0.0028804642190845514,80.42603319867405,25.347252659595387
2024-05-27,0.002795190468627808,80.93035832696332,25.21265992817876
2024-05-28,-0.0035293101184411648,80.29179898258678,24.97078545378999
2024-05-29,-0.0018804534210782545,79.95276865239762,23.96913015834823
2024-05-30,-0.018391420897467203,76.64318154244685,22.789489545788676
2024-05-31,0.0025855378702721726,77.0998991778502,23.019078874262554
2024-06-03,0.024103567242048096,81.36863850624347,27.022404821578473
2024-06-04,-0.06408899269999915,69.74490515700806,19.49078923317864
2024-06-05,0.04172655161149755,76.82777470283071,23.508575820998566
2024-06-06,0.01684585888432985,79.80659044230467,24.60632612498128
2024-06-07,0.016811509368662745,82.82941062207279,27.165731523919014
2024-06-10,0.005778381477031904,83.885868701868,26.996736118264984
2024-06-11,0.0028265183644345868,84.40562548671382,27.02758761751134
2024-06-12,0.008407500964188281,85.9560159607951,27.344815252520505
2024-06-13,0.0027853126005367634,86.47396159519633,27.75951357647255
2024-06-14,0.004151983640696964,87.24819843315555,28.123695636363056
2024-06-18,-0.001992520945057619,86.87510247585317,28.62766388779221
2024-06-19,-0.007372397350503646,85.4973849654851,28.398885037694654
2024-06-20,0.006768813832293269,86.75298223069368,28.677348345099073
2024-06-21,0.0017920121959813969,87.08764585248696,28.317527938575914
2024-06-24,-0.0014289232016825386,86.82031197458018,28.51818532185262
2024-06-25,-0.0030720024192333606,86.24639952423234,29.519840617294378
2024-06-26,-0.002962766404978785,85.69459494867368,30.325200182826762
2024-06-27,-0.0014433825837734358,85.42656660442391,31.284529311483578
2024-06-28,0.00791079120160951,86.89343745606284,31.099430980194565
2024-07-01,0.006644911557572559,88.1353278186491,31.816608365544408
2024-07-02,-0.003684833382073968,87.44208048235551,31.71778332457793
2024-07-03,0.009634507210004093,89.24799255822093,32.60586500544183
2024-07-04,0.00792113852964694,90.7470521237322,32.69131715319886
2024-07-05,0.008310014533977384,92.33216289919375,32.80979629479135
2024-07-08,-0.00393204746530785,91.5759037055688,32.79178447929632
2024-07-09,0.00611691490918795,92.74775720718655,33.40685225341768
2024-07-10,-0.0010247802869758527,92.55023310524182,32.813070200864125
2024-07-11,-0.0004906333405375316,92.45576154115211,32.76665964963006
2024-07-12,-0.0010010663835331227,92.26310054795599,33.783330123412256
2024-07-15,0.010777966324625687,94.33530577112998,34.24497220805649
2024-07-16,0.0005151623902783695,94.43542001176652,34.38857617931524
2024-07-18,-0.005032734186744717,93.45687822635922,35.41424722875037
2024-07-19,-0.02501970221448259,88.6166447417923,33.94030698788046
2024-07-22,0.00905643348010671,90.32483883813724,33.82209445101702
2024-07-23,-0.0002510854243101999,90.27705104522082,33.65720475819045
2024-07-24,0.009061082214506622,92.0011670482754,33.29929324152734
2024-07-25,-0.00040507540632193917,91.92339209751906,33.258886628791615
2024-07-26,0.019812490186135973,95.72587241994108,35.59988943368664
2024-07-29,0.005821537962328262,96.86529801644359,35.60671451475048
2024-07-30,0.0009558182955927968,97.05346547005504,35.722474288106596
2024-07-31,0.00808283255319142,98.6462156354756,36.23489924154142
2024-08-01,-0.0017165384092032443,98.30523177649444,36.56113811639268
2024-08-02,-0.007506777754186668,96.81659847405584,34.96024070354628
2024-08-05,-0.03204776619106622,90.50906614363834,31.345133898492584
2024-08-06,-0.0017644956904650155,90.17291371743339,31.00088320814629
2024-08-07,0.023200852140519257,94.58508736972327,32.66592571880356
2024-08-08,-0.006130997161915945,93.39208675130833,31.680384013185936
2024-08-09,0.006094804792303109,94.57077376843368,33.04813025837827
2024-08-12,0.0036425474456486303,95.27950704342179,32.936198928931404
2024-08-13,-0.009367275776632294,93.45027004742124,31.800505439909443
2024-08-14,-0.006482965311770995,92.19613865715108,31.826440747952
2024-08-16,0.015059158879697339,95.09045084525344,33.9962726526039
2024-08-19,0.009897234422286426,97.02130677081848,34.168264695412496
2024-08-20,0.00803040050170353,98.60346677155715,34.85732061394151
2024-08-21,0.007995641561006194,100.19142890463577,35.2468941082273
2024-08-22,0.0026716231342600073,100.72626495737795,35.47239905225206
2024-08-23,-0.0035501764431164423,100.01365130001152,35.53601094060481
2024-08-26,0.0077422416371248385,101.56220531909983,36.5594958312617
2024-08-27,0.004809633366279299,102.53164562718342,36.59853742778465
2024-08-28,0.004559942693559435,103.45517832487565,36.787453538793734
2024-08-29,-0.0025918166483440107,102.92785980650146,37.331273865122206
2024-08-30,0.0104786344457624,105.05426666827469,37.789652707882794
2024-09-02,-0.005318062791508064,103.96377520246615,38.02333708499497
2024-09-03,-5.428028795507697e-05,103.95270399001575,38.02961829241154
2024-09-04,0.001288394365633416,104.2154755046922,37.58653189690961
2024-09-05,0.003162334415542086,104.86127313106697,37.293874553730255
2024-09-06,-0.010143083387101435,102.7833481549108,35.69435282128579
2024-09-09,-0.006238438654952772,101.51829667720045,36.15436328498818
2024-09-10,0.011107133530753372,103.7565873072841,36.726027809219254
2024-09-11,-0.009264220876164072,101.86894127749602,36.05634872239805
2024-09-12,0.011398710537578268,104.1699869056456,38.625042630096075
2024-09-13,0.006699567020614993,105.53783741651803,38.44813439608365
2024-09-16,0.0008811611662657426,105.71894937704771,38.59692116327522
2024-09-17,-0.004614750234604491,104.7696078071474,38.78693568576803
2024-09-18,-0.01157691911201136,102.39900662096576,38.56307302687429
2024-09-19,-0.007373229770761051,100.9066722397756,38.771920507427616
2024-09-20,0.007633611955638879,102.44031581495277,40.820255304954124
2024-09-23,0.009215694016375913,104.30594382208187,41.6288994407485
2024-09-24,0.007774777063147943,105.8943769879746,41.636268395459616
2024-09-25,0.002047128426725626,106.31586922000965,41.98434752971516
2024-09-26,0.003948140557457513,107.13043327092424,43.14133740449411
2024-09-27,0.007345021608672996,108.65181077911296,42.93876046716818
2024-09-30,-0.0030485976216205763,108.01571536502492,40.928912728328214
2024-10-01,6.68662137200864e-05,108.02962458830562,40.852749089331496
2024-10-03,-0.015580517162545075,104.78841545208972,37.86718136309233
2024-10-04,-0.006417106410850819,103.47426639842413,36.58133609066601
2024-10-07,-0.020066641586634685,99.39122122250352,35.38640303084779
2024-10-08,0.012049078193873328,101.79370163818535,36.573423262307614
2024-10-09,0.012097411205737655,104.23488302563042,36.40306284044081
2024-10-10,-0.004022095880798051,103.41343074389778,36.4931539104834
2024-10-11,0.009684751257473478,105.38343922308174,36.306423958252566
2024-10-14,0.004663296758501393,106.34120314946061,37.20023230869658
2024-10-15,-0.0017038762386977426,105.98962327634993,36.81475386304906
2024-10-16,-0.003281957067058246,105.31357417649745,36.34492168112824
2024-10-17,-0.013418716259661448,102.55852958036607,35.13578392134593
2024-10-18,0.00489391317356039,103.54983343669643,35.70472907734064
2024-10-21,-0.012897596745024349,100.92452976751306,35.3064109479418
2024-10-22,-0.02622609595350435,95.65506377041753,33.61925090896205
2024-10-23,-0.0003082712564769275,95.59474893807294,33.41941466825082
2024-10-24,-0.001053415969470047,95.38870630599709,33.22230845996514
2024-10-25,-0.016249237681028834,92.21378877704221,32.0287404163597
2024-10-28,0.011730899996698414,94.46862951117221,32.89333955268836
2024-10-29,0.004536675095335511,95.35087049949958,33.59058556849395
2024-10-30,-0.001712097920608697,95.01641068032829,32.90261739725948
2024-10-31,0.006450029548594754,96.27427229167729,32.16277860993988
2024-11-01,0.0076864808949287065,97.78293073581328,32.70332503019551
2024-11-04,-0.013422300648484363,95.12822877633884,31.016164991215778
2024-11-05,0.008517648628286412,96.79026246651561,32.20619252401935
2024-11-06,0.017356729625626195,100.20589784510294,33.68450508244576
2024-11-07,-0.00883871799874764,98.43633437236399,32.130018220833456
2024-11-08,-0.009336666181891034,96.58360055997113,31.85073377086354
2024-11-11,-0.007549233843015308,95.099544989642,31.813067854742492
2024-11-12,-0.013395240522892005,92.48613965859896,30.405181601543507
2024-11-13,-0.02362147463739065,87.93933319260414,28.633945095208645
2024-11-14,0.0005511951520718234,88.0429244419435,28.4900638550317
2024-11-18,-0.0023549228179625624,87.60009786841876,28.059273269633845
2024-11-19,0.001936410943687257,87.96336875096796,28.41253519982223
2024-11-21,-0.006486923676683022,86.74406472386819,27.49197039877014
2024-11-22,0.015008580863585145,89.54682812007096,30.535135410674584
2024-11-25,0.014465768034988512,92.28876856742372,32.25314694890069
2024-11-26,0.0010209120211981772,92.48507848279559,32.10353903914363
2024-11-27,0.002373067635821351,92.94185859292166,32.54253038600725
2024-11-28,-0.0009919981733713982,92.7504606216306,30.572811990984782
2024-11-29,0.009893783798418359,94.65749200606655,31.757368794748153
2024-12-02,0.007291848467810303,96.0769049408988,32.54881159342384
2024-12-03,0.007057339546413829,97.46068623627662,33.53762720511426
2024-12-04,0.0028028155178784504,98.01413211183059,33.59385947456677
2024-12-05,0.004917899160618555,98.98794564593396,34.9094684989449
2024-12-06,0.004713973240865718,99.92596949696373,34.74239264734007
2024-12-09,2.1092372890004797e-05,99.93018641006277,34.42133656842166
2024-12-10,0.0025050434393956416,100.43102021186643,34.37247325368027
2024-12-11,0.001619346477323883,100.75558747839297,34.54583031270164
2024-12-12,-0.004927645417088454,99.76633512780018,34.037489743715966
2024-12-13,-0.005413443670659744,98.6849113252917,35.23652851636163
2024-12-16,0.0017037531186861786,99.02342136259803,34.69024476233671
2024-12-17,-0.011214032472297901,96.79156625269003,32.876138215569654
2024-12-18,-0.0026838239459836843,96.26341233481344,32.12728818840795
2024-12-19,0.0017834961111710913,96.61344736747775,30.777831027628878
2024-12-20,-0.01858940002052047,92.95852134495016,28.7892796745459
2024-12-23,0.0028824621961439202,93.5147169881508,29.695373170904805
2024-12-24,-0.0002513865683627603,93.46606998751945,29.554509896260782
2024-12-26,0.0015931789674109248,93.77429606113121,29.677627960138842
2024-12-27,0.001779399674952194,94.11909798055649,30.02271045723979
2024-12-30,-0.000806633785086391,93.96251495779488,29.10268952983497
2024-12-31,0.0063076089402441405,95.18595465121489,29.102145656187695
2025-01-01,0.006114318626113751,96.37938376929458,29.63777588523955
2025-01-02,0.009698670966872004,98.28400279715007,32.071599792602726
2025-01-03,-0.002691289680767035,97.75036310656091,31.06749173365366
2025-01-06,-0.02263765227983579,93.2737591483433,28.94516879171953
2025-01-07,0.013149497220289592,95.81521190701937,29.446673615452212
2025-01-08,-0.010154989960131327,93.82671039606261,29.34319898801099
2025-01-09,-0.01026440883416149,91.8371937975768,28.456215718630794
2025-01-10,-0.01865277960442867,88.25889690173854,27.937509557779407
2025-01-13,-0.03248863061151167,82.1426231409673,26.050779882817498
2025-01-14,0.023493678955152336,86.42182345309048,26.542740257249985
2025-01-15,-0.0029821314923311275,85.86588906251322,26.745573135115784
2025-01-16,0.007544295267145176,87.26811620969129,27.28394406078234
2025-01-17,0.005964622404500178,88.38509981128415,26.690972486605126
2025-01-20,0.008376343771403371,89.96307816871358,27.463848931949354
2025-01-21,-0.012202443690128364,87.6450644041564,25.716084305960596
2025-01-22,-0.00666194258083659,86.39498375951852,26.429710516319393
2025-01-23,0.008978260735876282,88.06848652357093,26.702713758872743
2025-01-24,-0.01884651642420652,84.52405070342878,26.084905288136675
2025-01-27,-0.02926831745192491,79.12334220992574,24.64864162757696
2025-01-28,-0.013470516758730833,76.71045822680706,25.34807380216084
2025-01-29,0.021389285933832193,80.49016874531875,26.472026018915162
2025-01-30,0.006030364246401151,81.57859020574745,26.94377775488519
2025-01-31,0.010230115667766073,83.43616018634212,28.357390677664295
2025-02-01,-0.006361889640624908,82.26915957913663,28.21406397532378
2025-02-03,-0.013199793706524084,79.8632442736305,27.55285225469737
2025-02-04,0.01726546814974657,82.96866738894695,29.61784451569529
2025-02-05,0.01289670301804217,85.32835995386914,29.383338996017617
2025-02-06,0.0005230856823180883,85.42530256548852,28.87581956959744
2025-02-07,0.0027041424694893117,85.92671900107378,28.638850622223288
2025-02-10,-0.021057062524826604,82.0116484540323,27.665050188873288
2025-02-11,-0.027478270964950844,77.01028305903503,25.97352849652619
2025-02-12,-0.0035682865457181243,76.37865964754171,25.828559509054692
2025-02-13,0.007000000851529354,77.61331041526611,25.752939743705248
2025-02-14,-0.02666420726769306,72.87739229285235,25.19519198633091
2025-02-17,0.00678114518135528,74.0496989885643,25.36035894807569
2025-02-18,-0.0037935928333416653,73.38942529783601,25.282830292866198
2025-02-19,0.008593627821349871,74.87946948700335,25.215123355875125
2025-02-20,0.010952441160456251,76.79482658673156,25.10728707506655
2025-02-21,-0.008180822484837653,75.34849949418785,24.467094471278926
2025-02-24,-0.008697212554110054,73.82345632304263,23.14275147597693
2025-02-25,-0.007908798681163192,72.44872160091973,23.111089498354232
2025-02-27,-0.008057794839466618,71.0591651819312,23.097439336226564
2025-02-28,-0.019106311272834832,67.79085552589396,20.802292544729184
2025-03-03,0.0008977151026304742,67.94148391098283,20.772816725884734
2025-03-04,0.00444526287163077,68.68802795401889,20.572703216255285
2025-03-05,0.02791238110805798,73.39651247863821,21.963110863417356
2025-03-06,0.016321382297380907,76.22658324783464,23.09551978217734
2025-03-07,-0.0010597223214058983,76.03983200394183,23.138112553691336
2025-03-10,-0.012289137812783584,73.8764542479061,22.63469884009861
2025-03-11,0.0012238855020750763,74.0892591194123,22.839995145660886
2025-03-12,-0.001997788004465736,73.74146568583721,22.69038723590382
2025-03-13,-0.006718463265284568,72.57419003097021,22.29016021664494
2025-03-17,0.009940831427687993,74.2897209628379,22.89923471645714
2025-03-18,1.655322058866618e-05,74.29260601903533,24.676763094397725
2025-03-19,0.03607233226743359,80.57974681511088,25.07697944946745
2025-03-20,0.00971848521014045,82.33470841378443,26.62245507123766
2025-03-21,0.011204248307074066,84.37763176185041,27.494700431195618
2025-03-24,0.009007383072847638,86.03839172119383,29.176123136406098
2025-03-25,-0.01189108805093992,83.82619282438186,29.232366070047753
2025-03-26,-0.009662323364350729,82.0500047064752,28.239722014448088
2025-03-27,0.005366320846308982,83.02694344180223,28.813572697457413
2025-03-28,-0.004148354559017733,82.26768278655234,28.41717412210776
2025-04-01,-0.008699273504157666,80.68208636302307,26.486220054690037
2025-04-02,0.00750452754982506,82.03802005789427,27.396141994958214
2025-04-03,0.007884869850466793,83.47336615388743,26.947051660957943
2025-04-04,-0.03987497852054471,76.15736961940914,25.059778112348763
2025-04-07,-0.03902577430084294,69.2826918712119,21.003771070571386
2025-04-08,0.016951781782332444,72.1523351233385,23.04720034108325
2025-04-09,-0.013715765632781303,69.79113404165076,22.30081374161803
2025-04-11,0.026396758791020825,74.27306965180209,24.645367721504098
2025-04-15,0.029358872772287724,79.38953053134539,27.375400147037652
2025-04-16,0.004925316983507597,80.27308083273485,27.968627661754763
2025-04-17,0.005732863504063646,81.30656179860596,30.231557937793042
2025-04-21,0.01764744932415998,84.50616016008455,31.72707183333816
2025-04-22,0.003634837184329406,85.17681001177225,31.954752271951993
2025-04-23,0.00693964078555588,86.46187055506908,32.837640492693886
2025-04-24,-0.0010472150178024268,86.26660488397629,32.38855015869362
2025-04-25,-0.024757610700170383,81.65508879381636,31.256407844662682
2025-04-28,0.012413986752341477,83.9101526595982,32.835187729186565
2025-04-29,-0.004278549988963629,83.12328387796619,32.87586094665136
2025-04-30,-0.0022250131650291805,82.71583216051435,32.86630583316199
2025-05-02,-0.004961046591059572,81.8093704042418,32.93455664380034
2025-05-05,0.012430108458049984,84.06928059705633,33.55946746451848
2025-05-06,-0.01628322279646251,81.07203949110988,33.11419491023828
2025-05-07,0.009161791145025654,82.73098369913127,33.30420943273107
2025-05-08,-0.01843488697452121,79.36235866789471,32.53652644750886
2025-05-09,-0.0041061055209213925,78.625877896723,31.08523694441956
2025-05-12,0.03431546228924652,84.75550747357154,36.09047412771713
2025-05-13,0.0034255265383686933,85.38839236753203,34.199382799387855
2025-05-14,0.01545021200832607,88.25268233349313,34.68287580762552
2025-05-15,0.011498341602078944,90.41727598247127,36.840689171091576
2025-05-16,0.005787301438354557,91.51927815765217,36.609734826404924
2025-05-19,0.004717865450523922,92.42284034318145,36.20377047337675
2025-05-20,-0.009241897960343675,90.64448808749026,34.77569691009366
2025-05-21,0.008820182723857891,92.32600730771827,35.483041913035905
2025-05-22,-0.004667859660504451,91.4282564965407,34.37055369963098
2025-05-23,0.0023388782113387433,91.87598387469502,35.69981288613677
2025-05-26,0.004419619439166141,92.72400270293674,36.5079024840947
2025-05-27,0.00012443485975303188,92.74798428718414,35.552657739887
2025-05-28,-0.0020614651343729556,92.35064103785544,35.149977957120804
2025-05-29,0.007329488197782252,93.76047279117827,35.59306435262275
2025-05-30,-0.005909772185196378,92.61539253848647,35.140422843631455
2025-06-02,-0.0002629989460872321,92.56473489324866,34.954236765047895
2025-06-03,-0.003068732159479814,91.97380529850005,34.00364160731495
2025-06-04,0.002882162707585416,92.52710504096467,34.42788438056721
2025-06-05,0.00902810496028222,94.26525995297379,35.14152125511518
2025-06-06,0.01064754833627106,96.33370869838136,36.51827874014959
2025-06-09,0.00972463678411127,98.24298270395062,37.065095703632636
2025-06-10,0.003660418249383824,98.96863493565245,37.070833037401925
2025-06-11,0.0020743772495554758,99.38137094533808,37.27367657945688
2025-06-12,-0.010242447229309682,97.33921777492303,35.89118176065318
2025-06-13,-0.0065724435635340275,96.04221690322538,34.96515689475002
2025-06-16,0.004764701683322379,96.97629958410643,36.209507807146046
2025-06-17,-0.012908049179828074,94.43371982181424,35.70117790234952
2025-06-18,-0.005499071235586472,93.36451494591402,35.47540635359574
2025-06-19,-0.013764901708593263,90.7028714037537,35.37275286872001
2025-06-20,0.009609405778189986,92.53541267813834,37.115334698775904
2025-06-23,0.00353784954085683,93.21657399948037,36.34819558720097
2025-06-24,0.005119099208513238,94.20566881051278,36.743773019985106
2025-06-25,0.0072106605234178115,95.6060199600287,37.837972148976796
2025-06-26,0.009221630715600254,97.40982644184844,39.49919687991399
2025-06-27,0.005326848689628415,98.46139871714999,39.98405490436443
2025-06-30,0.0024500658300565395,98.9476422087321,39.32475207359807
2025-07-01,-0.0005639360880522337,98.8354484536577,39.45988867866197
2025-07-02,0.0033991669833017216,99.51132334515138,38.9772168129898
2025-07-03,-0.0001631560365803399,99.47877186838147,38.71458982649132
2025-07-04,0.003914497783060654,100.25963107862795,39.018711173020094
2025-07-07,-0.0013017064243317947,99.99895183031857,39.02035345815107
2025-07-08,-0.004541519982746185,99.09065259405287,39.3545051613607
2025-07-09,-0.002148949273349801,98.66281688083014,39.10115601943336
2025-07-10,-0.0004747835501579525,98.56849504334708,38.44130931501972
2025-07-11,-0.0018423499064860334,98.20266239507289,37.319809861772704
2025-07-14,0.006551603438879484,99.50120763961552,36.95098887959662
2025-07-15,0.006869918216531781,100.871764620199,37.57070624019274
2025-07-16,-0.00018607095265023006,100.83438821959558,37.65943229402258
2025-07-17,0.0031626668099017053,101.46956047350461,37.1101412386539
2025-07-18,-0.003495915699968315,100.76523987397957,36.32908536022226
2025-07-21,0.002144795361622198,101.19584022923624,36.99684489299426
2025-07-22,-0.005647812849753893,100.05952377747253,36.834141358945956
2025-07-23,0.004066326396793834,100.87303109993888,37.70229167026562
2025-07-24,0.0003348201917163264,100.94028744672241,36.840689171091554
2025-07-25,-0.008791032812373001,99.17381478645059,35.61163070595419
2025-07-28,-0.007070676385389606,97.76552119765208,34.75931671554044
2025-07-29,0.014218531326838077,100.57745645616936,35.5248135419844
2025-07-30,-0.0011941606465122757,100.3379347510919,35.710189142191616
2025-07-31,-0.010182624568988972,98.2979687745949,35.236795121090594
2025-08-01,-0.02125387286070759,94.08336895772311,34.12840195632396
2025-08-04,0.010150011014727187,96.05331729041937,34.98781829671975
2025-08-05,-0.0043549204981843045,95.19952068021429,34.5881458152973
2025-08-06,-0.011110986005481372,93.03066153765978,34.17672139741805
2025-08-07,0.003769645036852275,93.75831861288553,34.296576219412465
2025-08-08,-0.012516802140889072,91.3330840756567,33.02520225167933
2025-08-11,0.005126290426460813,92.31391303281897,34.23597163240346
2025-08-12,0.005795092989790038,93.42839004207457,33.70279416685893
2025-08-13,0.011812974354642278,95.71335465310133,34.42324545828157
2025-08-14,-0.0021997170468201366,95.28284065058057,34.48849963176532
2025-08-18,0.00996361583474921,97.2285638539415,35.82975603107863
2025-08-19,0.0056163912456659686,98.33627663336604,36.39597115464779
2025-08-20,-0.0012675311798243868,98.08487921864297,36.77763182057523
2025-08-21,0.0019005659831747227,98.46135260186722,36.95890170795499
2025-08-22,-0.0026510011517377704,97.93523132754423,35.79235671968666
2025-08-25,0.003275981533759705,98.58366349025371,36.32553418523119
2025-08-26,-0.014991952162050291,95.60650670704314,34.929399868489
2025-08-28,-0.009469682667189195,93.75417516089001,33.776505042348326
2025-08-29,-0.004752652765320373,92.83332884451924,33.37218297445115
2025-09-01,0.012766934727175026,95.2952193671011,34.45437422644615
2025-09-02,0.005095689648765125,96.29038319488335,34.20620788045166
2025-09-03,0.012667754145620033,98.77694151034567,34.945780063042186
2025-09-04,-0.005409921069313296,97.70157394637519,35.05088631142523
2025-09-05,0.0019458410499362004,98.08626978459705,35.087464480251704
2025-09-08,0.00251602073362653,98.58465894642183,35.263007698051354
2025-09-09,0.002898602202492288,99.16027687622513,35.78416662241004
2025-09-10,0.004727425067444182,100.10179216156897,36.354743399346546
2025-09-11,0.0029428702434245945,100.69066577137717,36.53165163335896
2025-09-12,0.004068718773051003,101.50721965077727,37.12406866969975
2025-09-15,0.001058288951803984,101.72047251504246,36.87945349869628
2025-09-16,0.004415323614179799,102.61113368080163,37.80712064973039
2025-09-17,-0.0005688008034465284,102.49588830517679,38.30480769374298
2025-09-18,0.007712428006860517,104.05762326541574,38.81450261475226
2025-09-19,0.003575410108126542,104.78721295427916,38.287339751895225
2025-09-22,-0.005503612872443351,103.66014341295218,37.60646326645365
2025-09-23,0.0002275802704573963,103.7064924434715,37.42710226893391
2025-09-24,-0.007007996693213621,102.2789180180415,36.812301099541585
2025-09-25,-0.005975981374768531,101.07010297145736,35.90565306534623
2025-09-26,-0.018932177860985402,97.26340801947507,34.61625661792891
2025-09-29,0.0022886244972427174,97.71486988747799,34.50815373239129
2025-09-30,0.004495528708792718,98.60370276121235,34.37819992326023
2025-10-01,0.008729726696083476,100.33745880714795,35.60781292623405
2025-10-03,0.006715139924387177,101.68275287513411,35.924219418677716
2025-10-06,-0.0012282488080361535,101.43503627431376,36.92559744520128
2025-10-07,0.0014498581512379458,101.72708850360097,37.0929505657243
2025-10-08,-0.006174667363949574,100.4814908337932,36.75360540239265
2025-10-09,0.011175192110235002,102.72191000840718,37.494265332277735
2025-10-10,0.0028272593655234526,103.29505742707524,38.05964864909224
2025-10-13,-0.0015432423977201713,102.98132387520683,37.742964887730345
2025-10-14,-0.006838937852622734,101.59314721598119,37.29606071250833
2025-10-15,0.006900920695952949,102.98432553776622,38.268229524916485
2025-10-16,0.0033100893169614822,103.65622178523944,39.6974014996833
2025-10-17,-0.0006967614487180915,103.51432198110788,40.37744617837022
2025-10-20,0.003610965502254748,104.24920517699641,41.105277088693136
2025-10-21,0.004197371839074412,105.10651503895967,41.244231473477114
2025-10-23,-0.00015994493831742395,105.07370929006328,41.36872521775712
2025-10-24,-0.00034016086354775495,105.00395124002023,40.843193975841906
2025-10-27,0.006202132923501533,106.27541299545386,41.77632119172709
2025-10-28,0.00030105274678763965,106.33751277513093,41.613329724571415
2025-10-29,0.00881432568529017,108.15623881382366,42.255985756055495
2025-10-30,-0.002203167041105908,107.69763584906849,41.29473707334945
2025-10-31,-0.006467475057180936,106.35435656977918,40.44433197279575
2025-11-03,0.010433794000756925,108.50741541738698,40.66955964790229
2025-11-04,-0.007643252734185188,106.91374054440016,39.76483116775613
2025-11-06,-0.012458401984648445,104.33592598855074,39.28461206559128
2025-11-07,0.002183635060485097,104.78212108065605,39.18961546853406
2025-11-10,0.008795877529849236,106.58335953798428,39.63760739105062
2025-11-11,0.0014724313168197635,106.88753934610182,40.29608907925149
2025-11-12,0.007918413933825655,108.52576052039491,41.2835503389183
2025-11-13,0.0027857563191814793,109.10666247547675,41.30183942333154
2025-11-14,0.0010664281752297562,109.32965971196884,41.47055756006735
2025-11-17,0.003221032793036974,110.00391741045634,42.03511973431635
2025-11-18,-0.007958955860330406,108.33250550129007,41.47055756006735
2025-11-19,-0.001715956455259407,107.97501599363474,42.24916067499169
2025-11-20,-0.0019868897306191025,107.56179257013163,43.010839721715556
2025-11-21,-0.010260192317282722,105.43216866064213,42.33379168018323
2025-11-24,-0.005321606423098347,104.33893951238664,41.74055350127696
2025-11-25,0.005244598289172186,105.41061516496457,41.33269092257792
2025-11-26,0.012791765516978656,108.03817958885315,43.082641707344926
2025-11-27,-0.00010979098547511223,108.01533887209965,43.138607372068364
2025-11-28,0.0017081980589337986,108.37067027018944,43.06980202359358
2025-12-01,-0.0005599546579469379,108.25399214279213,42.92129252532022
2025-12-02,-0.0016502635030601405,107.91031818019228,42.13749595027387
2025-12-03,-0.004557623120696049,106.96274130702297,41.88524521983024
2025-12-04,0.00273895475175882,107.5296028907629,42.145963316468695
2025-12-05,0.0012763343514835765,107.79448005188215,42.97971095355098
2025-12-08,-0.016787615576716465,104.30610620180745,41.74629083504624
2025-12-09,0.0005370313487244304,104.41582498557365,41.08616686171438
2025-12-10,0.0005946244886863156,104.53737564098509,40.64035043378691
2025-12-11,0.005126371187467485,105.58591015023123,41.407766814280066
2025-12-12,0.0110599844804893,107.85968712590007,42.21803190682709
2025-12-15,-0.00029851036185961615,107.79763885548009,42.110750163854945
2025-12-16,-0.0057096469697681534,106.6111876964639,41.197820922243025
2025-12-17,-0.00023885216173340484,106.56183816764431,40.97096162619469
2025-12-18,0.001237700898909148,106.81749994042474,40.9545814316415
2025-12-19,0.006863962539850502,108.23708751260135,41.77823008158714
2025-12-22,0.010137046793599367,110.3479966128794,42.903003440906964
2025-12-23,0.00495652978836786,111.39059272401464,42.92893874894952
2025-12-24,-0.0021301774159338564,110.94029325745308,42.73755921024394
2025-12-26,0.000898778153296151,111.12988178468272,42.19265113662094
2025-12-29,-0.006147131525882471,109.83203863230825,41.64554624003052
2025-12-30,0.002321350132264156,110.31913226294061,41.62780102926455
2025-12-31,0.01122502077243388,112.6799688914324,42.66930839960561
2026-01-01,0.0021650832668849915,113.14043873328083,42.76186289734467
2026-01-02,0.011673739728145597,115.62858474059593,43.75559470023889
2026-01-05,-0.001660244170229027,115.27058863984561,43.3283446256429
2026-01-06,0.00666481578730663,116.70532745755521,42.937395450955165
2026-01-07,0.0030851200189148924,117.3738894015,42.73019025553282
2026-01-08,-0.021295217390590412,112.7448651716569,41.28927700849838
2026-01-09,-0.008556771510190688,110.92445597041669,40.23248785508784
2026-01-12,0.00021124156816984454,110.96901198326128,40.81643752523381
2026-01-13,0.0005083218714873683,111.07625214625844,40.50003103279014
2026-01-14,0.007080373688946443,112.57075088831625,40.13583830871046
2026-01-16,-0.006508447240674677,111.18724537124906,40.29281517317864
2026-01-19,-0.0037227633843510384,110.401045226939,39.69848924697781
2026-01-20,-0.020902596299113476,106.00311711764876,37.77108635455111
2026-01-21,-0.004752792481329095,105.02402705148164,37.361581490721086
2026-01-22,0.012543461772453293,107.59573809723632,38.084496209840204
2026-01-23,-0.01330216764713198,104.83426478623676,36.767255564520255
2026-01-27,0.006107738478098785,106.08533890690475,37.45931878439301
2026-01-28,0.012913705011852244,108.74666418081608,38.37305850438126
2026-01-29,0.002674695098571873,109.30499786034376,38.788844575627834
2026-01-30,-0.004295193096269952,108.40599247851924,38.2523932040105
2026-02-02,-0.015314145541322217,105.21443277801947,36.98429314235017
2026-02-03,0.025390181233218165,110.42486441792545,40.47409572474756
2026-02-04,0.006630329367285648,111.82005057608274,40.73863160110609
2026-02-05,-0.005148361972142156,110.7295242827596,40.01135522861961
2026-02-06,-0.003973568915694941,109.89217599545044,40.28926399818757
2026-02-09,0.014454549312947644,112.92607280377855,41.23713978768415
2026-02-10,0.0026827326126581032,113.49729652337447,41.6076030549912
2026-02-11,0.00760846439925666,115.12168310331012,41.709702002030504
2026-02-12,-0.000395021306776128,115.03670545493479,40.90898135878367
2026-02-13,-0.016775878389617412,111.42927583491881,39.073855695177826
2026-02-16,0.006634772633377114,112.83206100812309,40.229480553744025
2026-02-17,-0.00023904475704566172,112.78118461980786,40.46235445247988
2026-02-18,0.006533269343381411,114.17134141013285,40.97532327956197
2026-02-19,-0.00917880641693101,112.20550412727479,38.98239960892247
2026-02-20,0.003680544882099417,112.98653600944375,39.62068332285007
2026-02-23,0.00420203341794939,113.8815125513287,40.39464751548883
2026-02-24,0.0014097917740977781,114.18304094835517,38.82023994852144
2026-02-25,0.0138060166290871,117.1400555733566,39.136102567317856
2026-02-26,0.004903834715899137,118.20487451608952,39.212820744151024
2026-02-27,-0.010738399546998305,115.86170339043314,37.47706399515896
2026-03-02,-0.00942391389991667,113.82744128339235,35.768330301503994
2026-03-04,-0.02197662469229025,109.12823585739453,33.6651175865486
2026-03-05,0.015200942782463006,112.30718220486024,35.223422227880995
2026-03-06,-0.004424859411011174,111.3677527716558,33.50103837209837
2026-03-09,-0.01732132284861996,107.70658368611068,31.19471551035895
2026-03-10,0.015430995477634227,110.9117030396459,32.46990725781218
2026-03-11,9.683692311154325e-05,110.9321270800165,30.314546657853448
2026-03-12,9.086524343156514e-05,110.95129347909113,29.071294156941143
2026-03-13,-0.024752421226930214,105.72973820453089,26.40650524070216
2026-03-16,-0.00777688150393406,104.12980240867888,27.81357035133567
2026-03-17,0.011749328676567833,106.52819054986126,28.75461039557927
2026-03-18,0.007413194146543421,108.05922412314169,29.828334281379455
2026-03-19,-0.026166076225677286,102.61513060528031,25.59323284681141
2026-03-20,0.010760894540192047,104.79545065797096,26.206668999990978
2026-03-23,-0.03718094153211071,97.18096298101469,22.92053110221406
2026-03-24,0.018105453838354636,100.75101380406979,25.103192026428147
2026-03-25,0.02159775629771521,105.08678527672934,27.25472418247763
2026-03-27,-0.014206090820497782,102.1733037790042,24.596493742573443
2026-03-30,-0.015495511010374986,99.04052512429276,21.93089434795814
2026-04-01,0.012827814461426761,101.59378005089211,23.830996916129486
2026-04-02,-0.002159152674994805,101.15850830143289,24.0149968359348
2026-04-06,0.010490391344120546,103.26873977571442,25.40813451552242
2026-04-07,0.0023656509596970098,103.74960266504125,26.25663072621609
2026-04-08,0.026637488588570058,109.17698038095698,31.027085120917786
2026-04-09,0.0035240535821338195,109.91413126796843,29.81358570776811
2026-04-10,0.01200698969925607,112.43456807983124,31.31783357423712
2026-04-13,-0.003478017123267279,111.69571701447572,30.182417354133385
2026-04-15,0.02007616770504953,115.94575573169905,32.304473691338465
2026-04-16,0.006594428823982574,117.36979464771284,32.11582418505843
2026-04-17,0.009472274533290822,119.42878101786106,32.9719666193814
2026-04-20,-0.0013781794528138248,119.12636878050624,33.03365895368495
2026-04-21,0.003742443816119774,119.94643690429766,34.18982768589842
2026-04-22,0.0025555332729274077,120.5085173420684,33.1060048129616
2026-04-23,0.001310798477157561,120.79755957080067,31.986424913763777
2026-04-24,-0.008742131476235121,118.86731827540089,30.484352541883887
2026-04-27,0.01710344023315767,122.61070237251568,31.547700171629202
2026-04-28,0.001343911148914327,122.90987137730176,31.018073881075694
2026-04-29,0.0013537533139793814,123.21163635439748,32.01153907924083
2026-04-30,-0.017980925608666713,119.19808452612028,31.02818353240149
2026-05-04,0.00872173888612306,121.10987298369547,31.69294642801892
2026-05-05,0.002897962981109068,121.75064121035994,31.22065081840162
2026-05-06,0.01672127631926664,125.45859495601293,32.84856062239594
2026-05-07,0.006329184116242377,126.88556391407882,32.825088742049836
2026-05-08,-0.0032220089126150883,126.15453660500395,32.00334898196422
2026-05-11,-0.00442038349080291,125.15484682502502,30.036083350449072
2026-05-12,-0.018968018954558383,120.88410542273729,27.653863454441986
